restaurant_key,restaurant_name,restaurant_branch_name,hous_id_mango,store_key,store_nm,hous_id_zini,ganpan_nm,start_date,end_date,status,mango_addr,zini_addr,title,category,telephone,address,roadAddress,mapx,mapy,description,link
7OVIuyPr7I,스타벅스,구역삼세무서 사거리,1168010100007470000,4210335,스타벅스,1168010100008310000,스타벅스,20160101,20160415,0,서울시 강남구 역삼동 747-21,서울특별시 강남구 역삼동 831-25번지 하동 1층 역삼,스타벅스 구역삼사거리점,"카페,디저트>카페",,서울특별시 강남구 역삼동 747-21,서울특별시 강남구 논현로 401,315210,544190,,http://www.starbucks.co.kr/
7OVIuyPr7I,스타벅스,구역삼세무서 사거리,1168010100007470000,4210335,스타벅스,1168010100008310000,스타벅스,20160415,20160430,0,서울시 강남구 역삼동 747-21,서울특별시 강남구 역삼동 831-25번지 하동 1층 역삼,스타벅스 구역삼사거리점,"카페,디저트>카페",,서울특별시 강남구 역삼동 747-21,서울특별시 강남구 논현로 401,315210,544190,,http://www.starbucks.co.kr/
7OVIuyPr7I,스타벅스,구역삼세무서 사거리,1168010100007470000,4210335,스타벅스,1168010100008310000,스타벅스,20160430,20160501,0,서울시 강남구 역삼동 747-21,서울특별시 강남구 역삼동 831-25번지 하동 1층 역삼,스타벅스 구역삼사거리점,"카페,디저트>카페",,서울특별시 강남구 역삼동 747-21,서울특별시 강남구 논현로 401,315210,544190,,http://www.starbucks.co.kr/
7OVIuyPr7I,스타벅스,구역삼세무서 사거리,1168010100007470000,4210335,스타벅스,1168010100008310000,스타벅스,20160501,20160601,0,서울시 강남구 역삼동 747-21,서울특별시 강남구 역삼동 831-25번지 하동 1층 역삼,스타벅스 구역삼사거리점,"카페,디저트>카페",,서울특별시 강남구 역삼동 747-21,서울특별시 강남구 논현로 401,315210,544190,,http://www.starbucks.co.kr/
7OVIuyPr7I,스타벅스,구역삼세무서 사거리,1168010100007470000,4210335,스타벅스,1168010100008310000,스타벅스,20160601,20160701,0,서울시 강남구 역삼동 747-21,서울특별시 강남구 역삼동 831-25번지 하동 1층 역삼,스타벅스 구역삼사거리점,"카페,디저트>카페",,서울특별시 강남구 역삼동 747-21,서울특별시 강남구 논현로 401,315210,544190,,http://www.starbucks.co.kr/
7OVIuyPr7I,스타벅스,구역삼세무서 사거리,1168010100007470000,4210335,스타벅스,1168010100008310000,스타벅스,20160701,20160801,0,서울시 강남구 역삼동 747-21,서울특별시 강남구 역삼동 831-25번지 하동 1층 역삼,스타벅스 구역삼사거리점,"카페,디저트>카페",,서울특별시 강남구 역삼동 747-21,서울특별시 강남구 논현로 401,315210,544190,,http://www.starbucks.co.kr/
7OVIuyPr7I,스타벅스,구역삼세무서 사거리,1168010100007470000,4210335,스타벅스,1168010100008310000,스타벅스,20160801,20160901,0,서울시 강남구 역삼동 747-21,서울특별시 강남구 역삼동 831-25번지 하동 1층 역삼,스타벅스 구역삼사거리점,"카페,디저트>카페",,서울특별시 강남구 역삼동 747-21,서울특별시 강남구 논현로 401,315210,544190,,http://www.starbucks.co.kr/
7OVIuyPr7I,스타벅스,구역삼세무서 사거리,1168010100007470000,4210335,스타벅스,1168010100008310000,스타벅스,20160901,20160915,0,서울시 강남구 역삼동 747-21,서울특별시 강남구 역삼동 831-25번지 하동 1층 역삼,스타벅스 구역삼사거리점,"카페,디저트>카페",,서울특별시 강남구 역삼동 747-21,서울특별시 강남구 논현로 401,315210,544190,,http://www.starbucks.co.kr/
ArQY4nguye,미타야,강남역점,1168010100006150000,3777094,미타야,1168010100006350000,미타야,20160101,20160415,1,서울시 강남구 역삼동 615-13,서울특별시 강남구 역삼동 635-13번지,미타야 강남역점,술집>이자카야,,서울특별시 강남구 역삼동 635-13 B1F,서울특별시 강남구 강남대로94길 27,314378,544632,,
ArQY4nguye,미타야,강남역점,1168010100006150000,3777094,미타야,1168010100006350000,미타야,20160101,20160415,1,서울시 강남구 역삼동 615-13,서울특별시 강남구 역삼동 635-13번지 역삼 1동,미타야 강남역점,술집>이자카야,,서울특별시 강남구 역삼동 635-13 B1F,서울특별시 강남구 강남대로94길 27,314378,544632,,
ArQY4nguye,미타야,강남역점,1168010100006150000,3777094,미타야,1168010100006350000,미타야,20160415,20160915,0,서울시 강남구 역삼동 615-13,서울특별시 강남구 역삼동 635-13번지,미타야 강남역점,술집>이자카야,,서울특별시 강남구 역삼동 635-13 B1F,서울특별시 강남구 강남대로94길 27,314378,544632,,
ArQY4nguye,미타야,강남역점,1168010100006150000,3777094,미타야,1168010100006350000,미타야,20160415,20160915,0,서울시 강남구 역삼동 615-13,서울특별시 강남구 역삼동 635-13번지 역삼 1동,미타야 강남역점,술집>이자카야,,서울특별시 강남구 역삼동 635-13 B1F,서울특별시 강남구 강남대로94길 27,314378,544632,,
ArQY4nguye,미타야,강남역점,1168010100006150000,8196622,미타야,1168010100006350000,미타야,20160915,20161001,1,서울시 강남구 역삼동 615-13,서울특별시 강남구 역삼동 635-13번지,미타야 강남역점,술집>이자카야,,서울특별시 강남구 역삼동 635-13 B1F,서울특별시 강남구 강남대로94길 27,314378,544632,,
ArQY4nguye,미타야,강남역점,1168010100006150000,8196622,미타야,1168010100006350000,미타야,20161001,20161101,1,서울시 강남구 역삼동 615-13,서울특별시 강남구 역삼동 635-13번지,미타야 강남역점,술집>이자카야,,서울특별시 강남구 역삼동 635-13 B1F,서울특별시 강남구 강남대로94길 27,314378,544632,,
ArQY4nguye,미타야,강남역점,1168010100006150000,8196622,미타야,1168010100006350000,미타야,20161101,20170701,1,서울시 강남구 역삼동 615-13,서울특별시 강남구 역삼동 635-13번지,미타야 강남역점,술집>이자카야,,서울특별시 강남구 역삼동 635-13 B1F,서울특별시 강남구 강남대로94길 27,314378,544632,,
ArQY4nguye,미타야,강남역점,1168010100006150000,8196622,미타야,1168010100006350000,미타야,20170701,20180801,1,서울시 강남구 역삼동 615-13,서울특별시 강남구 역삼동 635-13번지,미타야 강남역점,술집>이자카야,,서울특별시 강남구 역삼동 635-13 B1F,서울특별시 강남구 강남대로94길 27,314378,544632,,
ArQY4nguye,미타야,강남역점,1168010100006150000,8196622,미타야,1168010100006350000,미타야,20180801,20180901,1,서울시 강남구 역삼동 615-13,서울특별시 강남구 역삼동 635-13번지,미타야 강남역점,술집>이자카야,,서울특별시 강남구 역삼동 635-13 B1F,서울특별시 강남구 강남대로94길 27,314378,544632,,
ArQY4nguye,미타야,강남역점,1168010100006150000,8196622,미타야,1168010100006350000,미타야,20180901,99991231,1,서울시 강남구 역삼동 615-13,서울특별시 강남구 역삼동 635-13번지,미타야 강남역점,술집>이자카야,,서울특별시 강남구 역삼동 635-13 B1F,서울특별시 강남구 강남대로94길 27,314378,544632,,
aVqqLj40kbd6,빌리엔젤,강남358타워점,1168010100008260000,13836779,빌리엔젤 강남358타워점,1168010100008210000,빌리엔젤 강남358타워점,20180901,20191001,1,서울시 강남구 역삼동 826-14,서울특별시 강남구 역삼동 821-1번지 강남 358타워 지상1층 104호,빌리엔젤 강남358타워점,"카페,디저트>케이크전문",,서울특별시 강남구 역삼동 826-14,서울특별시 강남구 강남대로 358 104호 빌리엔젤 강남358타워점,314423,544098,,http://www.billyangel.co.kr/
aVqqLj40kbd6,빌리엔젤,강남358타워점,1168010100008260000,13836779,빌리엔젤 강남358타워점,1168010100008210000,빌리엔젤 강남358타워점,20191001,20200301,1,서울시 강남구 역삼동 826-14,서울특별시 강남구 역삼동 821-1번지 강남 358타워 지상1층 104호,빌리엔젤 강남358타워점,"카페,디저트>케이크전문",,서울특별시 강남구 역삼동 826-14,서울특별시 강남구 강남대로 358 104호 빌리엔젤 강남358타워점,314423,544098,,http://www.billyangel.co.kr/
aVqqLj40kbd6,빌리엔젤,강남358타워점,1168010100008260000,13836779,빌리엔젤 강남358타워점,1168010100008210000,빌리엔젤 강남358타워점,20200301,99991231,1,서울시 강남구 역삼동 826-14,서울특별시 강남구 역삼동 821-1번지 강남 358타워 지상1층 104호,빌리엔젤 강남358타워점,"카페,디저트>케이크전문",,서울특별시 강남구 역삼동 826-14,서울특별시 강남구 강남대로 358 104호 빌리엔젤 강남358타워점,314423,544098,,http://www.billyangel.co.kr/
blK6wxCBk1,더심플한테이블,GS타워점,1168010100006790000,14023709,테이블,1168010100008320000,테이블,20181201,20191001,1,서울시 강남구 역삼동 679,서울특별시 강남구 역삼동 832-16번지 105호 3호실 BIEL106호,,,,,,,,,
blK6wxCBk1,더심플한테이블,GS타워점,1168010100006790000,14023709,테이블,1168010100008320000,테이블,20191001,99991231,1,서울시 강남구 역삼동 679,서울특별시 강남구 역삼동 832-16번지 105호 3호실 BIEL106호,,,,,,,,,
CGoxyKrrrZCA,샤이바나,강남점,1168010100008260000,11728585,샤이바나강남점,1168010100008210000,샤이바나강남점,20180401,20180801,1,서울시 강남구 역삼동 826-14,서울특별시 강남구 역삼동 821-1번지 2층 201호 강남 358타워,샤이바나 강남점,양식>브런치,,서울특별시 강남구 역삼동 826-14,서울특별시 강남구 강남대로 358,314407,544104,,
CGoxyKrrrZCA,샤이바나,강남점,1168010100008260000,11728585,샤이바나강남점,1168010100008210000,샤이바나강남점,20180801,20180901,1,서울시 강남구 역삼동 826-14,서울특별시 강남구 역삼동 821-1번지 2층 201호 강남 358타워,샤이바나 강남점,양식>브런치,,서울특별시 강남구 역삼동 826-14,서울특별시 강남구 강남대로 358,314407,544104,,
CGoxyKrrrZCA,샤이바나,강남점,1168010100008260000,11728585,샤이바나강남점,1168010100008210000,샤이바나강남점,20180901,20191001,1,서울시 강남구 역삼동 826-14,서울특별시 강남구 역삼동 821-1번지 2층 201호 강남 358타워,샤이바나 강남점,양식>브런치,,서울특별시 강남구 역삼동 826-14,서울특별시 강남구 강남대로 358,314407,544104,,
CGoxyKrrrZCA,샤이바나,강남점,1168010100008260000,11728585,샤이바나강남점,1168010100008210000,샤이바나강남점,20191001,99991231,1,서울시 강남구 역삼동 826-14,서울특별시 강남구 역삼동 821-1번지 2층 201호 강남 358타워,샤이바나 강남점,양식>브런치,,서울특별시 강남구 역삼동 826-14,서울특별시 강남구 강남대로 358,314407,544104,,
eo4wF94xLa,장호왕곱창,역삼점,1168010100007380000,4787359,장호왕곱창,1168010100007390000,장호왕곱창,20160101,20160915,0,서울시 강남구 역삼동 738,서울특별시 강남구 역삼동 739-5번지 3층 영원빌딩,장호왕곱창,"한식>곱창,막창,양",,서울특별시 강남구 역삼동 738,서울특별시 강남구 역삼로17길 60,315005,544486,,http://cityfood.co.kr/h9/jangho1
EPIdOb0zkf,마키노차야,역삼점,1168010100008230000,3642640,마키노차야 역삼점,1168010100008240000,마키노차야,20160101,20160415,0,서울시 강남구 역삼동 823-3,서울특별시 강남구 역삼동 824-22번지 2324호 역삼 1,마키노차야 역삼점,뷔페>해산물뷔페,,서울특별시 강남구 역삼동 824-22,서울특별시 강남구 테헤란로8길 8,314524,544461,,http://www.makinochaya.co.kr/
EPIdOb0zkf,마키노차야,역삼점,1168010100008230000,3642640,마키노차야 역삼점,1168010100008240000,마키노차야,20160415,20160430,0,서울시 강남구 역삼동 823-3,서울특별시 강남구 역삼동 824-22번지 2324호 역삼 1,마키노차야 역삼점,뷔페>해산물뷔페,,서울특별시 강남구 역삼동 824-22,서울특별시 강남구 테헤란로8길 8,314524,544461,,http://www.makinochaya.co.kr/
EPIdOb0zkf,마키노차야,역삼점,1168010100008230000,3642640,마키노차야 역삼점,1168010100008240000,마키노차야,20160430,20160501,0,서울시 강남구 역삼동 823-3,서울특별시 강남구 역삼동 824-22번지 2324호 역삼 1,마키노차야 역삼점,뷔페>해산물뷔페,,서울특별시 강남구 역삼동 824-22,서울특별시 강남구 테헤란로8길 8,314524,544461,,http://www.makinochaya.co.kr/
EPIdOb0zkf,마키노차야,역삼점,1168010100008230000,3642640,마키노차야 역삼점,1168010100008240000,마키노차야,20160501,20160601,0,서울시 강남구 역삼동 823-3,서울특별시 강남구 역삼동 824-22번지 2324호 역삼 1,마키노차야 역삼점,뷔페>해산물뷔페,,서울특별시 강남구 역삼동 824-22,서울특별시 강남구 테헤란로8길 8,314524,544461,,http://www.makinochaya.co.kr/
EPIdOb0zkf,마키노차야,역삼점,1168010100008230000,3642640,마키노차야 역삼점,1168010100008240000,마키노차야,20160601,20160701,0,서울시 강남구 역삼동 823-3,서울특별시 강남구 역삼동 824-22번지 2324호 역삼 1,마키노차야 역삼점,뷔페>해산물뷔페,,서울특별시 강남구 역삼동 824-22,서울특별시 강남구 테헤란로8길 8,314524,544461,,http://www.makinochaya.co.kr/
EPIdOb0zkf,마키노차야,역삼점,1168010100008230000,3642640,마키노차야 역삼점,1168010100008240000,마키노차야,20160701,20160801,0,서울시 강남구 역삼동 823-3,서울특별시 강남구 역삼동 824-22번지 2324호 역삼 1,마키노차야 역삼점,뷔페>해산물뷔페,,서울특별시 강남구 역삼동 824-22,서울특별시 강남구 테헤란로8길 8,314524,544461,,http://www.makinochaya.co.kr/
EPIdOb0zkf,마키노차야,역삼점,1168010100008230000,3642640,마키노차야 역삼점,1168010100008240000,마키노차야,20160801,20160901,0,서울시 강남구 역삼동 823-3,서울특별시 강남구 역삼동 824-22번지 2324호 역삼 1,마키노차야 역삼점,뷔페>해산물뷔페,,서울특별시 강남구 역삼동 824-22,서울특별시 강남구 테헤란로8길 8,314524,544461,,http://www.makinochaya.co.kr/
EPIdOb0zkf,마키노차야,역삼점,1168010100008230000,3642640,마키노차야 역삼점,1168010100008240000,마키노차야,20160901,20160915,0,서울시 강남구 역삼동 823-3,서울특별시 강남구 역삼동 824-22번지 2324호 역삼 1,마키노차야 역삼점,뷔페>해산물뷔페,,서울특별시 강남구 역삼동 824-22,서울특별시 강남구 테헤란로8길 8,314524,544461,,http://www.makinochaya.co.kr/
EPIdOb0zkf,마키노차야,역삼점,1168010100008230000,14811072,마키노차야 역삼점,1168010100008240000,마키노차야 역삼점,20200301,99991231,1,서울시 강남구 역삼동 823-3,서울특별시 강남구 역삼동 824-22번지,마키노차야 역삼점,뷔페>해산물뷔페,,서울특별시 강남구 역삼동 824-22,서울특별시 강남구 테헤란로8길 8,314524,544461,,http://www.makinochaya.co.kr/
EPIdOb0zkf,마키노차야,역삼점,1168010100008230000,8033098,마키노차야역삼점,1168010100008240000,마키노차야역삼점,20160915,20161001,1,서울시 강남구 역삼동 823-3,서울특별시 강남구 역삼동 824-22번지 23 24호 번지,마키노차야 역삼점,뷔페>해산물뷔페,,서울특별시 강남구 역삼동 824-22,서울특별시 강남구 테헤란로8길 8,314524,544461,,http://www.makinochaya.co.kr/
EPIdOb0zkf,마키노차야,역삼점,1168010100008230000,8033098,마키노차야역삼점,1168010100008240000,마키노차야역삼점,20161001,20161101,1,서울시 강남구 역삼동 823-3,서울특별시 강남구 역삼동 824-22번지 23 24호 번지,마키노차야 역삼점,뷔페>해산물뷔페,,서울특별시 강남구 역삼동 824-22,서울특별시 강남구 테헤란로8길 8,314524,544461,,http://www.makinochaya.co.kr/
EPIdOb0zkf,마키노차야,역삼점,1168010100008230000,8033098,마키노차야역삼점,1168010100008240000,마키노차야역삼점,20161101,20170701,1,서울시 강남구 역삼동 823-3,서울특별시 강남구 역삼동 824-22번지 23 24호 번지,마키노차야 역삼점,뷔페>해산물뷔페,,서울특별시 강남구 역삼동 824-22,서울특별시 강남구 테헤란로8길 8,314524,544461,,http://www.makinochaya.co.kr/
EPIdOb0zkf,마키노차야,역삼점,1168010100008230000,8033098,마키노차야역삼점,1168010100008240000,마키노차야역삼점,20170701,20180801,1,서울시 강남구 역삼동 823-3,서울특별시 강남구 역삼동 824-22번지 23 24호 번지,마키노차야 역삼점,뷔페>해산물뷔페,,서울특별시 강남구 역삼동 824-22,서울특별시 강남구 테헤란로8길 8,314524,544461,,http://www.makinochaya.co.kr/
EPIdOb0zkf,마키노차야,역삼점,1168010100008230000,8033098,마키노차야역삼점,1168010100008240000,마키노차야역삼점,20180801,20180901,1,서울시 강남구 역삼동 823-3,서울특별시 강남구 역삼동 824-22번지 23 24호 번지,마키노차야 역삼점,뷔페>해산물뷔페,,서울특별시 강남구 역삼동 824-22,서울특별시 강남구 테헤란로8길 8,314524,544461,,http://www.makinochaya.co.kr/
EPIdOb0zkf,마키노차야,역삼점,1168010100008230000,8033098,마키노차야역삼점,1168010100008240000,마키노차야역삼점,20180901,20200101,1,서울시 강남구 역삼동 823-3,서울특별시 강남구 역삼동 824-22번지 23 24호 번지,마키노차야 역삼점,뷔페>해산물뷔페,,서울특별시 강남구 역삼동 824-22,서울특별시 강남구 테헤란로8길 8,314524,544461,,http://www.makinochaya.co.kr/
EPIdOb0zkf,마키노차야,역삼점,1168010100008230000,8033098,마키노차야역삼점,1168010100008240000,마키노차야역삼점,20200101,99991231,0,서울시 강남구 역삼동 823-3,서울특별시 강남구 역삼동 824-22번지 23 24호 번지,마키노차야 역삼점,뷔페>해산물뷔페,,서울특별시 강남구 역삼동 824-22,서울특별시 강남구 테헤란로8길 8,314524,544461,,http://www.makinochaya.co.kr/
hndvs7jNOf,명동할머니국수,GS타워점,1168010100006790000,3691385,명동할머니국수,1168010100007070000,명동할머니국수,20160101,20160415,1,서울시 강남구 역삼동 679,서울특별시 강남구 역삼동 707-12번지,명동할머니국수 역삼GS타워점,한식>국수,,서울특별시 강남구 역삼동 679 GS강남타워 지하1층,서울특별시 강남구 논현로 508 GS강남타워 지하1층,315036,544878,,
hndvs7jNOf,명동할머니국수,GS타워점,1168010100006790000,3691385,명동할머니국수,1168010100007070000,명동할머니국수,20160101,20160415,1,서울시 강남구 역삼동 679,서울특별시 강남구 역삼동 707-12번지 역삼 2동,명동할머니국수 역삼GS타워점,한식>국수,,서울특별시 강남구 역삼동 679 GS강남타워 지하1층,서울특별시 강남구 논현로 508 GS강남타워 지하1층,315036,544878,,
hndvs7jNOf,명동할머니국수,GS타워점,1168010100006790000,3691383,명동할머니국수,1168010100006810000,명동할머니국수,20160101,20160915,0,서울시 강남구 역삼동 679,서울특별시 강남구 역삼동 681-39번지 101호 역삼,명동할머니국수 역삼GS타워점,한식>국수,,서울특별시 강남구 역삼동 679 GS강남타워 지하1층,서울특별시 강남구 논현로 508 GS강남타워 지하1층,315036,544878,,
hndvs7jNOf,명동할머니국수,GS타워점,1168010100006790000,3691384,명동할머니국수,1168010100008280000,명동할머니국수,20160101,20160915,0,서울시 강남구 역삼동 679,서울특별시 강남구 역삼동 828-21번지 뜰안에아파트 102호,명동할머니국수 역삼GS타워점,한식>국수,,서울특별시 강남구 역삼동 679 GS강남타워 지하1층,서울특별시 강남구 논현로 508 GS강남타워 지하1층,315036,544878,,
hndvs7jNOf,명동할머니국수,GS타워점,1168010100006790000,2395898,명동할머니국수,1168010100008220000,명동할머니국수,20160101,20180801,1,서울시 강남구 역삼동 679,서울특별시 강남구 역삼동 822번지 1층,명동할머니국수 역삼GS타워점,한식>국수,,서울특별시 강남구 역삼동 679 GS강남타워 지하1층,서울특별시 강남구 논현로 508 GS강남타워 지하1층,315036,544878,,
hndvs7jNOf,명동할머니국수,GS타워점,1168010100006790000,3691385,명동할머니국수,1168010100007070000,명동할머니국수,20160415,20160915,0,서울시 강남구 역삼동 679,서울특별시 강남구 역삼동 707-12번지,명동할머니국수 역삼GS타워점,한식>국수,,서울특별시 강남구 역삼동 679 GS강남타워 지하1층,서울특별시 강남구 논현로 508 GS강남타워 지하1층,315036,544878,,
hndvs7jNOf,명동할머니국수,GS타워점,1168010100006790000,3691385,명동할머니국수,1168010100007070000,명동할머니국수,20160415,20160915,0,서울시 강남구 역삼동 679,서울특별시 강남구 역삼동 707-12번지 역삼 2동,명동할머니국수 역삼GS타워점,한식>국수,,서울특별시 강남구 역삼동 679 GS강남타워 지하1층,서울특별시 강남구 논현로 508 GS강남타워 지하1층,315036,544878,,
hndvs7jNOf,명동할머니국수,GS타워점,1168010100006790000,10043301,명동할머니국수,1168010100007880000,명동할머니국수,20160915,20161101,0,서울시 강남구 역삼동 679,서울특별시 강남구 역삼동 788-20번지 명동할머니국수,명동할머니국수 역삼GS타워점,한식>국수,,서울특별시 강남구 역삼동 679 GS강남타워 지하1층,서울특별시 강남구 논현로 508 GS강남타워 지하1층,315036,544878,,
hndvs7jNOf,명동할머니국수,GS타워점,1168010100006790000,10223812,명동할머니국수,1168010100007050000,명동할머니국수,20160915,20161101,0,서울시 강남구 역삼동 679,서울특별시 강남구 역삼동 705-9번지 삼흥빌딩 1층,명동할머니국수 역삼GS타워점,한식>국수,,서울특별시 강남구 역삼동 679 GS강남타워 지하1층,서울특별시 강남구 논현로 508 GS강남타워 지하1층,315036,544878,,
hndvs7jNOf,명동할머니국수,GS타워점,1168010100006790000,9810335,명동할머니국수,1168010100008280000,명동할머니국수,20160915,20180501,1,서울시 강남구 역삼동 679,서울특별시 강남구 역삼동 828-22번지,명동할머니국수 역삼GS타워점,한식>국수,,서울특별시 강남구 역삼동 679 GS강남타워 지하1층,서울특별시 강남구 논현로 508 GS강남타워 지하1층,315036,544878,,
hndvs7jNOf,명동할머니국수,GS타워점,1168010100006790000,10059588,명동할머니국수,1168010100007070000,명동할머니국수,20160915,20180801,0,서울시 강남구 역삼동 679,서울특별시 강남구 역삼동 707-12번지 1층,명동할머니국수 역삼GS타워점,한식>국수,,서울특별시 강남구 역삼동 679 GS강남타워 지하1층,서울특별시 강남구 논현로 508 GS강남타워 지하1층,315036,544878,,
hndvs7jNOf,명동할머니국수,GS타워점,1168010100006790000,10223812,명동할머니국수,1168010100007050000,명동할머니국수,20161101,20180801,1,서울시 강남구 역삼동 679,서울특별시 강남구 역삼동 705-9번지 삼흥빌딩 1층,명동할머니국수 역삼GS타워점,한식>국수,,서울특별시 강남구 역삼동 679 GS강남타워 지하1층,서울특별시 강남구 논현로 508 GS강남타워 지하1층,315036,544878,,
hndvs7jNOf,명동할머니국수,GS타워점,1168010100006790000,10043301,명동할머니국수,1168010100007880000,명동할머니국수,20161101,20180801,1,서울시 강남구 역삼동 679,서울특별시 강남구 역삼동 788-20번지 명동할머니국수,명동할머니국수 역삼GS타워점,한식>국수,,서울특별시 강남구 역삼동 679 GS강남타워 지하1층,서울특별시 강남구 논현로 508 GS강남타워 지하1층,315036,544878,,
hndvs7jNOf,명동할머니국수,GS타워점,1168010100006790000,9810335,명동할머니국수,1168010100008280000,명동할머니국수,20180501,20180901,0,서울시 강남구 역삼동 679,서울특별시 강남구 역삼동 828-22번지,명동할머니국수 역삼GS타워점,한식>국수,,서울특별시 강남구 역삼동 679 GS강남타워 지하1층,서울특별시 강남구 논현로 508 GS강남타워 지하1층,315036,544878,,
hndvs7jNOf,명동할머니국수,GS타워점,1168010100006790000,11879498,명동할머니국수,1168010100006810000,명동할머니국수,20180601,20180801,1,서울시 강남구 역삼동 679,서울특별시 강남구 역삼동 681-39번지 101호,명동할머니국수 역삼GS타워점,한식>국수,,서울특별시 강남구 역삼동 679 GS강남타워 지하1층,서울특별시 강남구 논현로 508 GS강남타워 지하1층,315036,544878,,
hndvs7jNOf,명동할머니국수,GS타워점,1168010100006790000,10043301,명동할머니국수,1168010100007880000,명동할머니국수,20180801,20180901,1,서울시 강남구 역삼동 679,서울특별시 강남구 역삼동 788-20번지 명동할머니국수,명동할머니국수 역삼GS타워점,한식>국수,,서울특별시 강남구 역삼동 679 GS강남타워 지하1층,서울특별시 강남구 논현로 508 GS강남타워 지하1층,315036,544878,,
hndvs7jNOf,명동할머니국수,GS타워점,1168010100006790000,10223812,명동할머니국수,1168010100007050000,명동할머니국수,20180801,20180901,1,서울시 강남구 역삼동 679,서울특별시 강남구 역삼동 705-9번지 삼흥빌딩 1층,명동할머니국수 역삼GS타워점,한식>국수,,서울특별시 강남구 역삼동 679 GS강남타워 지하1층,서울특별시 강남구 논현로 508 GS강남타워 지하1층,315036,544878,,
hndvs7jNOf,명동할머니국수,GS타워점,1168010100006790000,10059588,명동할머니국수,1168010100007070000,명동할머니국수,20180801,20180901,0,서울시 강남구 역삼동 679,서울특별시 강남구 역삼동 707-12번지 1층,명동할머니국수 역삼GS타워점,한식>국수,,서울특별시 강남구 역삼동 679 GS강남타워 지하1층,서울특별시 강남구 논현로 508 GS강남타워 지하1층,315036,544878,,
hndvs7jNOf,명동할머니국수,GS타워점,1168010100006790000,11879498,명동할머니국수,1168010100006810000,명동할머니국수,20180801,20180901,1,서울시 강남구 역삼동 679,서울특별시 강남구 역삼동 681-39번지 101호,명동할머니국수 역삼GS타워점,한식>국수,,서울특별시 강남구 역삼동 679 GS강남타워 지하1층,서울특별시 강남구 논현로 508 GS강남타워 지하1층,315036,544878,,
hndvs7jNOf,명동할머니국수,GS타워점,1168010100006790000,2395898,명동할머니국수,1168010100008220000,명동할머니국수,20180801,20180901,1,서울시 강남구 역삼동 679,서울특별시 강남구 역삼동 822번지 1층,명동할머니국수 역삼GS타워점,한식>국수,,서울특별시 강남구 역삼동 679 GS강남타워 지하1층,서울특별시 강남구 논현로 508 GS강남타워 지하1층,315036,544878,,
hndvs7jNOf,명동할머니국수,GS타워점,1168010100006790000,13036403,명동할머니국수,1168010100008280000,명동할머니국수,20180801,99991231,0,서울시 강남구 역삼동 679,서울특별시 강남구 역삼동 828-22번지,명동할머니국수 역삼GS타워점,한식>국수,,서울특별시 강남구 역삼동 679 GS강남타워 지하1층,서울특별시 강남구 논현로 508 GS강남타워 지하1층,315036,544878,,
hndvs7jNOf,명동할머니국수,GS타워점,1168010100006790000,10043301,명동할머니국수,1168010100007880000,명동할머니국수,20180901,99991231,1,서울시 강남구 역삼동 679,서울특별시 강남구 역삼동 788-20번지 명동할머니국수,명동할머니국수 역삼GS타워점,한식>국수,,서울특별시 강남구 역삼동 679 GS강남타워 지하1층,서울특별시 강남구 논현로 508 GS강남타워 지하1층,315036,544878,,
hndvs7jNOf,명동할머니국수,GS타워점,1168010100006790000,2395898,명동할머니국수,1168010100008220000,명동할머니국수,20180901,99991231,1,서울시 강남구 역삼동 679,서울특별시 강남구 역삼동 822번지 1층,명동할머니국수 역삼GS타워점,한식>국수,,서울특별시 강남구 역삼동 679 GS강남타워 지하1층,서울특별시 강남구 논현로 508 GS강남타워 지하1층,315036,544878,,
hndvs7jNOf,명동할머니국수,GS타워점,1168010100006790000,10223812,명동할머니국수,1168010100007050000,명동할머니국수,20180901,99991231,1,서울시 강남구 역삼동 679,서울특별시 강남구 역삼동 705-9번지 삼흥빌딩 1층,명동할머니국수 역삼GS타워점,한식>국수,,서울특별시 강남구 역삼동 679 GS강남타워 지하1층,서울특별시 강남구 논현로 508 GS강남타워 지하1층,315036,544878,,
hndvs7jNOf,명동할머니국수,GS타워점,1168010100006790000,9810335,명동할머니국수,1168010100008280000,명동할머니국수,20180901,99991231,1,서울시 강남구 역삼동 679,서울특별시 강남구 역삼동 828-22번지,명동할머니국수 역삼GS타워점,한식>국수,,서울특별시 강남구 역삼동 679 GS강남타워 지하1층,서울특별시 강남구 논현로 508 GS강남타워 지하1층,315036,544878,,
hndvs7jNOf,명동할머니국수,GS타워점,1168010100006790000,10059588,명동할머니국수,1168010100007070000,명동할머니국수,20180901,99991231,0,서울시 강남구 역삼동 679,서울특별시 강남구 역삼동 707-12번지 1층,명동할머니국수 역삼GS타워점,한식>국수,,서울특별시 강남구 역삼동 679 GS강남타워 지하1층,서울특별시 강남구 논현로 508 GS강남타워 지하1층,315036,544878,,
hndvs7jNOf,명동할머니국수,GS타워점,1168010100006790000,11879498,명동할머니국수,1168010100006810000,명동할머니국수,20180901,99991231,1,서울시 강남구 역삼동 679,서울특별시 강남구 역삼동 681-39번지 101호,명동할머니국수 역삼GS타워점,한식>국수,,서울특별시 강남구 역삼동 679 GS강남타워 지하1층,서울특별시 강남구 논현로 508 GS강남타워 지하1층,315036,544878,,
ki1t6OfBWR,더스퀘어,노보텔앰배서더강남,1168010100006030000,9309073,더스퀘어,1168010100008240000,더스퀘어,20160915,20161001,1,서울시 강남구 역삼동 603,서울특별시 강남구 역삼동 824-27번지 지하동 1층 지희빌딩,노보텔 앰배서더 서울 강남 더스퀘어,음식점>뷔페,,서울특별시 강남구 역삼동 603,서울특별시 강남구 봉은사로 130 2층,314337,545240,,https://novotel.ambatel.com/gangnam/dining/diningInfo.amb?brand_code=M0453&gnbCode=020000&lnbCode=020200&menu_se=M1242
ki1t6OfBWR,더스퀘어,노보텔앰배서더강남,1168010100006030000,9309073,더스퀘어,1168010100008240000,더스퀘어,20161001,20161101,1,서울시 강남구 역삼동 603,서울특별시 강남구 역삼동 824-27번지 지하동 1층 지희빌딩,노보텔 앰배서더 서울 강남 더스퀘어,음식점>뷔페,,서울특별시 강남구 역삼동 603,서울특별시 강남구 봉은사로 130 2층,314337,545240,,https://novotel.ambatel.com/gangnam/dining/diningInfo.amb?brand_code=M0453&gnbCode=020000&lnbCode=020200&menu_se=M1242
ki1t6OfBWR,더스퀘어,노보텔앰배서더강남,1168010100006030000,9309073,더스퀘어,1168010100008240000,더스퀘어,20161101,20170701,0,서울시 강남구 역삼동 603,서울특별시 강남구 역삼동 824-27번지 지하동 1층 지희빌딩,노보텔 앰배서더 서울 강남 더스퀘어,음식점>뷔페,,서울특별시 강남구 역삼동 603,서울특별시 강남구 봉은사로 130 2층,314337,545240,,https://novotel.ambatel.com/gangnam/dining/diningInfo.amb?brand_code=M0453&gnbCode=020000&lnbCode=020200&menu_se=M1242
ki1t6OfBWR,더스퀘어,노보텔앰배서더강남,1168010100006030000,9309073,더스퀘어,1168010100008240000,더스퀘어,20170701,99991231,0,서울시 강남구 역삼동 603,서울특별시 강남구 역삼동 824-27번지 지하동 1층 지희빌딩,노보텔 앰배서더 서울 강남 더스퀘어,음식점>뷔페,,서울특별시 강남구 역삼동 603,서울특별시 강남구 봉은사로 130 2층,314337,545240,,https://novotel.ambatel.com/gangnam/dining/diningInfo.amb?brand_code=M0453&gnbCode=020000&lnbCode=020200&menu_se=M1242
ki1t6OfBWR,더스퀘어,노보텔앰배서더강남,1168010100006030000,11159127,더스퀘어,1168010100008240000,더스퀘어,20170801,20191001,1,서울시 강남구 역삼동 603,서울특별시 강남구 역삼동 824-27번지,노보텔 앰배서더 서울 강남 더스퀘어,음식점>뷔페,,서울특별시 강남구 역삼동 603,서울특별시 강남구 봉은사로 130 2층,314337,545240,,https://novotel.ambatel.com/gangnam/dining/diningInfo.amb?brand_code=M0453&gnbCode=020000&lnbCode=020200&menu_se=M1242
ki1t6OfBWR,더스퀘어,노보텔앰배서더강남,1168010100006030000,11159127,더스퀘어,1168010100008240000,더스퀘어,20191001,20200901,1,서울시 강남구 역삼동 603,서울특별시 강남구 역삼동 824-27번지,노보텔 앰배서더 서울 강남 더스퀘어,음식점>뷔페,,서울특별시 강남구 역삼동 603,서울특별시 강남구 봉은사로 130 2층,314337,545240,,https://novotel.ambatel.com/gangnam/dining/diningInfo.amb?brand_code=M0453&gnbCode=020000&lnbCode=020200&menu_se=M1242
ki1t6OfBWR,더스퀘어,노보텔앰배서더강남,1168010100006030000,11159127,더스퀘어,1168010100008240000,더스퀘어,20200901,99991231,1,서울시 강남구 역삼동 603,서울특별시 강남구 역삼동 824-27번지,노보텔 앰배서더 서울 강남 더스퀘어,음식점>뷔페,,서울특별시 강남구 역삼동 603,서울특별시 강남구 봉은사로 130 2층,314337,545240,,https://novotel.ambatel.com/gangnam/dining/diningInfo.amb?brand_code=M0453&gnbCode=020000&lnbCode=020200&menu_se=M1242
Oed5RUbaKqsg,송사부수제쌀고로케,강남역 지하상가점,1168010100008580000,8432932,송사부수제쌀고로케,1168010100008210000,송사부수제쌀고로케,20181101,20190801,1,서울시 강남구 역삼동 858,서울특별시 강남구 역삼동 821-1번지 강남역지하층 도상가 내점포B-5동 1호,송사부수제쌀고로케 강남역지하상가점,"음식점>카페,디저트>베이커리",,서울특별시 서초구 서초동 858 지하1층 B5-1호,서울특별시 서초구 강남대로 396 지하1층 B5-1호,314233,544350,,
Oed5RUbaKqsg,송사부수제쌀고로케,강남역 지하상가점,1168010100008580000,8432932,송사부수제쌀고로케,1168010100008210000,송사부수제쌀고로케,20181101,20190801,1,서울시 강남구 역삼동 858,서울특별시 강남구 역삼동 821-1번지 강남역지하도상가 내점포B-5동 1호,송사부수제쌀고로케 강남역지하상가점,"음식점>카페,디저트>베이커리",,서울특별시 서초구 서초동 858 지하1층 B5-1호,서울특별시 서초구 강남대로 396 지하1층 B5-1호,314233,544350,,
Oed5RUbaKqsg,송사부수제쌀고로케,강남역 지하상가점,1168010100008580000,8432932,송사부수제쌀고로케,1168010100008210000,송사부수제쌀고로케,20190801,99991231,1,서울시 강남구 역삼동 858,서울특별시 강남구 역삼동 821-1번지 강남역지하층 도상가 내점포B-5동 1호,송사부수제쌀고로케 강남역지하상가점,"음식점>카페,디저트>베이커리",,서울특별시 서초구 서초동 858 지하1층 B5-1호,서울특별시 서초구 강남대로 396 지하1층 B5-1호,314233,544350,,
Oed5RUbaKqsg,송사부수제쌀고로케,강남역 지하상가점,1168010100008580000,8432932,송사부수제쌀고로케,1168010100008210000,송사부수제쌀고로케,20190801,99991231,1,서울시 강남구 역삼동 858,서울특별시 강남구 역삼동 821-1번지 강남역지하도상가 내점포B-5동 1호,송사부수제쌀고로케 강남역지하상가점,"음식점>카페,디저트>베이커리",,서울특별시 서초구 서초동 858 지하1층 B5-1호,서울특별시 서초구 강남대로 396 지하1층 B5-1호,314233,544350,,
Ph6fiejvzaZ6,뉴욕비앤비,강남점,1168010100008270000,14462618,뉴욕,1168010100007960000,뉴욕,20190801,20191001,1,서울시 강남구 역삼동 827-37,서울특별시 강남구 역삼동 796-29번지 1층 111호 더블루,NY BnB,음식점>햄버거,,서울특별시 강남구 역삼동 827-37,서울특별시 강남구 테헤란로6길 30,314527,544273,,https://m.tv.naver.com/v/8214105
Ph6fiejvzaZ6,뉴욕비앤비,강남점,1168010100008270000,14462618,뉴욕,1168010100007960000,뉴욕,20190801,20191001,1,서울시 강남구 역삼동 827-37,서울특별시 강남구 역삼동 796-29번지 1층 111호 역삼종합시장 더블루,NY BnB,음식점>햄버거,,서울특별시 강남구 역삼동 827-37,서울특별시 강남구 테헤란로6길 30,314527,544273,,https://m.tv.naver.com/v/8214105
Ph6fiejvzaZ6,뉴욕비앤비,강남점,1168010100008270000,14462618,뉴욕,1168010100007960000,뉴욕,20191001,20191201,1,서울시 강남구 역삼동 827-37,서울특별시 강남구 역삼동 796-29번지 1층 111호 더블루,NY BnB,음식점>햄버거,,서울특별시 강남구 역삼동 827-37,서울특별시 강남구 테헤란로6길 30,314527,544273,,https://m.tv.naver.com/v/8214105
Ph6fiejvzaZ6,뉴욕비앤비,강남점,1168010100008270000,14462618,뉴욕,1168010100007960000,뉴욕,20191001,20191201,1,서울시 강남구 역삼동 827-37,서울특별시 강남구 역삼동 796-29번지 1층 111호 역삼종합시장 더블루,NY BnB,음식점>햄버거,,서울특별시 강남구 역삼동 827-37,서울특별시 강남구 테헤란로6길 30,314527,544273,,https://m.tv.naver.com/v/8214105
Ph6fiejvzaZ6,뉴욕비앤비,강남점,1168010100008270000,14462618,뉴욕,1168010100007960000,뉴욕,20191201,20200601,1,서울시 강남구 역삼동 827-37,서울특별시 강남구 역삼동 796-29번지 1층 111호 더블루,NY BnB,음식점>햄버거,,서울특별시 강남구 역삼동 827-37,서울특별시 강남구 테헤란로6길 30,314527,544273,,https://m.tv.naver.com/v/8214105
Ph6fiejvzaZ6,뉴욕비앤비,강남점,1168010100008270000,14462618,뉴욕,1168010100007960000,뉴욕,20191201,20200601,1,서울시 강남구 역삼동 827-37,서울특별시 강남구 역삼동 796-29번지 1층 111호 역삼종합시장 더블루,NY BnB,음식점>햄버거,,서울특별시 강남구 역삼동 827-37,서울특별시 강남구 테헤란로6길 30,314527,544273,,https://m.tv.naver.com/v/8214105
Ph6fiejvzaZ6,뉴욕비앤비,강남점,1168010100008270000,14462618,뉴욕,1168010100007960000,뉴욕,20200601,99991231,1,서울시 강남구 역삼동 827-37,서울특별시 강남구 역삼동 796-29번지 1층 111호 더블루,NY BnB,음식점>햄버거,,서울특별시 강남구 역삼동 827-37,서울특별시 강남구 테헤란로6길 30,314527,544273,,https://m.tv.naver.com/v/8214105
Ph6fiejvzaZ6,뉴욕비앤비,강남점,1168010100008270000,14462618,뉴욕,1168010100007960000,뉴욕,20200601,99991231,1,서울시 강남구 역삼동 827-37,서울특별시 강남구 역삼동 796-29번지 1층 111호 역삼종합시장 더블루,NY BnB,음식점>햄버거,,서울특별시 강남구 역삼동 827-37,서울특별시 강남구 테헤란로6길 30,314527,544273,,https://m.tv.naver.com/v/8214105
plGi6xqHXa,베라피자나폴리,SPC스퀘어점,1168010100008310000,399685,나폴리,1168010100007180000,나폴리,20160915,20180501,1,서울시 강남구 역삼동 831-23,서울특별시 강남구 역삼동 718-13번지,,,,,,,,,
plGi6xqHXa,베라피자나폴리,SPC스퀘어점,1168010100008310000,399685,나폴리,1168010100007180000,나폴리,20180501,20180901,0,서울시 강남구 역삼동 831-23,서울특별시 강남구 역삼동 718-13번지,,,,,,,,,
plGi6xqHXa,베라피자나폴리,SPC스퀘어점,1168010100008310000,399685,나폴리,1168010100007180000,나폴리,20180901,99991231,1,서울시 강남구 역삼동 831-23,서울특별시 강남구 역삼동 718-13번지,,,,,,,,,
QD-YyDlAAb,소노야,강남역점,1168010100008580000,14785588,소노야 강남역점,1168010100008210000,소노야 강남역점,20200201,99991231,1,서울시 강남구 역삼동 858,서울특별시 강남구 역삼동 821-1번지 지하층  강남 지하1층28호,소노야 강남역점,"일식>우동,소바",,서울특별시 강남구 역삼동 858,서울특별시 강남구 강남대로 396 지하,314279,544449,,http://www.sonoya.co.kr
qK6Yrd8xT6,공차,강남역지하상가점,1168010100008210000,5696834,공차,1168010100008280000,공차,20160101,20160915,0,서울시 강남구 역삼동 821-2,서울특별시 강남구 역삼동 828-21번지 104호,,,,,,,,,
qK6Yrd8xT6,공차,강남역지하상가점,1168010100008210000,854883,공차,1168010100008380000,공차,20160101,20170401,1,서울시 강남구 역삼동 821-2,서울특별시 강남구 역삼동 838-8번지 지상1층,,,,,,,,,
qK6Yrd8xT6,공차,강남역지하상가점,1168010100008210000,9876738,공차,1168010100008280000,공차,20160915,20180901,0,서울시 강남구 역삼동 821-2,서울특별시 강남구 역삼동 828-21번지 지상1층 104호,,,,,,,,,
qK6Yrd8xT6,공차,강남역지하상가점,1168010100008210000,854883,공차,1168010100008380000,공차,20170401,20180501,0,서울시 강남구 역삼동 821-2,서울특별시 강남구 역삼동 838-8번지 지상1층,,,,,,,,,
qK6Yrd8xT6,공차,강남역지하상가점,1168010100008210000,854883,공차,1168010100008380000,공차,20180501,99991231,0,서울시 강남구 역삼동 821-2,서울특별시 강남구 역삼동 838-8번지 지상1층,,,,,,,,,
qK6Yrd8xT6,공차,강남역지하상가점,1168010100008210000,13127303,공차,1168010100008380000,공차,20180801,99991231,0,서울시 강남구 역삼동 821-2,서울특별시 강남구 역삼동 838-8번지 지상1층,,,,,,,,,
qK6Yrd8xT6,공차,강남역지하상가점,1168010100008210000,13375184,공차,1168010100008280000,공차,20180801,99991231,0,서울시 강남구 역삼동 821-2,서울특별시 강남구 역삼동 828-21번지 지상1층 104호,,,,,,,,,
qK6Yrd8xT6,공차,강남역지하상가점,1168010100008210000,9876738,공차,1168010100008280000,공차,20180901,99991231,1,서울시 강남구 역삼동 821-2,서울특별시 강남구 역삼동 828-21번지 지상1층 104호,,,,,,,,,
qn80Cr_ytryU,백미당,강남358타워점,1168010100008260000,11728353,백미당 강남 358타워점,1168010100008210000,백미당 강남 358타워점,20180401,20180801,1,서울시 강남구 역삼동 826-14,서울특별시 강남구 역삼동 821-1번지 1층 102호 강남 358타워,백미당 강남358타워점,"카페,디저트>카페",,서울특별시 강남구 역삼동 826-14,서울특별시 강남구 강남대로 358,314408,544092,,http://1964baekmidang.com/
qn80Cr_ytryU,백미당,강남358타워점,1168010100008260000,11728353,백미당 강남 358타워점,1168010100008210000,백미당 강남 358타워점,20180801,20180901,1,서울시 강남구 역삼동 826-14,서울특별시 강남구 역삼동 821-1번지 1층 102호 강남 358타워,백미당 강남358타워점,"카페,디저트>카페",,서울특별시 강남구 역삼동 826-14,서울특별시 강남구 강남대로 358,314408,544092,,http://1964baekmidang.com/
qn80Cr_ytryU,백미당,강남358타워점,1168010100008260000,11728353,백미당 강남 358타워점,1168010100008210000,백미당 강남 358타워점,20180901,20191001,1,서울시 강남구 역삼동 826-14,서울특별시 강남구 역삼동 821-1번지 1층 102호 강남 358타워,백미당 강남358타워점,"카페,디저트>카페",,서울특별시 강남구 역삼동 826-14,서울특별시 강남구 강남대로 358,314408,544092,,http://1964baekmidang.com/
qn80Cr_ytryU,백미당,강남358타워점,1168010100008260000,11728353,백미당 강남 358타워점,1168010100008210000,백미당 강남 358타워점,20191001,99991231,1,서울시 강남구 역삼동 826-14,서울특별시 강남구 역삼동 821-1번지 1층 102호 강남 358타워,백미당 강남358타워점,"카페,디저트>카페",,서울특별시 강남구 역삼동 826-14,서울특별시 강남구 강남대로 358,314408,544092,,http://1964baekmidang.com/
qn80Cr_ytryU,백미당,강남358타워점,1168010100008260000,11687052,백미당 강남358타워점,1168010100008210000,백미당 강남358타워점,20180301,99991231,0,서울시 강남구 역삼동 826-14,서울특별시 강남구 역삼동 821-1번지 강남 358호 타워,백미당 강남358타워점,"카페,디저트>카페",,서울특별시 강남구 역삼동 826-14,서울특별시 강남구 강남대로 358,314408,544092,,http://1964baekmidang.com/
QYCESM_Kwk,커피니,선릉역점,1168010100007080000,5596488,커피니,1168010100007000000,커피니,20160101,20160415,0,서울시 강남구 역삼동 708-1,서울특별시 강남구 역삼동 700-3번지 1층,커피니 선릉역점,"카페,디저트>카페",,서울특별시 강남구 역삼동 172-66,서울특별시 강남구 테헤란로 340,316110,545133,,
QYCESM_Kwk,커피니,선릉역점,1168010100007080000,5596488,커피니,1168010100007000000,커피니,20160101,20160415,0,서울시 강남구 역삼동 708-1,서울특별시 강남구 역삼동 700-3번지 1층 역삼 1동,커피니 선릉역점,"카페,디저트>카페",,서울특별시 강남구 역삼동 172-66,서울특별시 강남구 테헤란로 340,316110,545133,,
QYCESM_Kwk,커피니,선릉역점,1168010100007080000,790500,커피니,1168010100008320000,커피니,20160101,20180501,1,서울시 강남구 역삼동 708-1,서울특별시 강남구 역삼동 832-10번지,커피니 선릉역점,"카페,디저트>카페",,서울특별시 강남구 역삼동 172-66,서울특별시 강남구 테헤란로 340,316110,545133,,
QYCESM_Kwk,커피니,선릉역점,1168010100007080000,5596488,커피니,1168010100007000000,커피니,20160415,20160430,0,서울시 강남구 역삼동 708-1,서울특별시 강남구 역삼동 700-3번지 1층,커피니 선릉역점,"카페,디저트>카페",,서울특별시 강남구 역삼동 172-66,서울특별시 강남구 테헤란로 340,316110,545133,,
QYCESM_Kwk,커피니,선릉역점,1168010100007080000,5596488,커피니,1168010100007000000,커피니,20160415,20160430,0,서울시 강남구 역삼동 708-1,서울특별시 강남구 역삼동 700-3번지 1층 역삼 1동,커피니 선릉역점,"카페,디저트>카페",,서울특별시 강남구 역삼동 172-66,서울특별시 강남구 테헤란로 340,316110,545133,,
QYCESM_Kwk,커피니,선릉역점,1168010100007080000,5596488,커피니,1168010100007000000,커피니,20160430,20160501,0,서울시 강남구 역삼동 708-1,서울특별시 강남구 역삼동 700-3번지 1층,커피니 선릉역점,"카페,디저트>카페",,서울특별시 강남구 역삼동 172-66,서울특별시 강남구 테헤란로 340,316110,545133,,
QYCESM_Kwk,커피니,선릉역점,1168010100007080000,5596488,커피니,1168010100007000000,커피니,20160430,20160501,0,서울시 강남구 역삼동 708-1,서울특별시 강남구 역삼동 700-3번지 1층 역삼 1동,커피니 선릉역점,"카페,디저트>카페",,서울특별시 강남구 역삼동 172-66,서울특별시 강남구 테헤란로 340,316110,545133,,
QYCESM_Kwk,커피니,선릉역점,1168010100007080000,5596488,커피니,1168010100007000000,커피니,20160501,20160601,0,서울시 강남구 역삼동 708-1,서울특별시 강남구 역삼동 700-3번지 1층,커피니 선릉역점,"카페,디저트>카페",,서울특별시 강남구 역삼동 172-66,서울특별시 강남구 테헤란로 340,316110,545133,,
QYCESM_Kwk,커피니,선릉역점,1168010100007080000,5596488,커피니,1168010100007000000,커피니,20160501,20160601,0,서울시 강남구 역삼동 708-1,서울특별시 강남구 역삼동 700-3번지 1층 역삼 1동,커피니 선릉역점,"카페,디저트>카페",,서울특별시 강남구 역삼동 172-66,서울특별시 강남구 테헤란로 340,316110,545133,,
QYCESM_Kwk,커피니,선릉역점,1168010100007080000,5596488,커피니,1168010100007000000,커피니,20160601,20160701,0,서울시 강남구 역삼동 708-1,서울특별시 강남구 역삼동 700-3번지 1층,커피니 선릉역점,"카페,디저트>카페",,서울특별시 강남구 역삼동 172-66,서울특별시 강남구 테헤란로 340,316110,545133,,
QYCESM_Kwk,커피니,선릉역점,1168010100007080000,5596488,커피니,1168010100007000000,커피니,20160601,20160701,0,서울시 강남구 역삼동 708-1,서울특별시 강남구 역삼동 700-3번지 1층 역삼 1동,커피니 선릉역점,"카페,디저트>카페",,서울특별시 강남구 역삼동 172-66,서울특별시 강남구 테헤란로 340,316110,545133,,
QYCESM_Kwk,커피니,선릉역점,1168010100007080000,5596488,커피니,1168010100007000000,커피니,20160701,20160801,0,서울시 강남구 역삼동 708-1,서울특별시 강남구 역삼동 700-3번지 1층,커피니 선릉역점,"카페,디저트>카페",,서울특별시 강남구 역삼동 172-66,서울특별시 강남구 테헤란로 340,316110,545133,,
QYCESM_Kwk,커피니,선릉역점,1168010100007080000,5596488,커피니,1168010100007000000,커피니,20160701,20160801,0,서울시 강남구 역삼동 708-1,서울특별시 강남구 역삼동 700-3번지 1층 역삼 1동,커피니 선릉역점,"카페,디저트>카페",,서울특별시 강남구 역삼동 172-66,서울특별시 강남구 테헤란로 340,316110,545133,,
QYCESM_Kwk,커피니,선릉역점,1168010100007080000,5596488,커피니,1168010100007000000,커피니,20160801,20160901,0,서울시 강남구 역삼동 708-1,서울특별시 강남구 역삼동 700-3번지 1층,커피니 선릉역점,"카페,디저트>카페",,서울특별시 강남구 역삼동 172-66,서울특별시 강남구 테헤란로 340,316110,545133,,
QYCESM_Kwk,커피니,선릉역점,1168010100007080000,5596488,커피니,1168010100007000000,커피니,20160801,20160901,0,서울시 강남구 역삼동 708-1,서울특별시 강남구 역삼동 700-3번지 1층 역삼 1동,커피니 선릉역점,"카페,디저트>카페",,서울특별시 강남구 역삼동 172-66,서울특별시 강남구 테헤란로 340,316110,545133,,
QYCESM_Kwk,커피니,선릉역점,1168010100007080000,5596488,커피니,1168010100007000000,커피니,20160901,20160915,0,서울시 강남구 역삼동 708-1,서울특별시 강남구 역삼동 700-3번지 1층,커피니 선릉역점,"카페,디저트>카페",,서울특별시 강남구 역삼동 172-66,서울특별시 강남구 테헤란로 340,316110,545133,,
QYCESM_Kwk,커피니,선릉역점,1168010100007080000,5596488,커피니,1168010100007000000,커피니,20160901,20160915,0,서울시 강남구 역삼동 708-1,서울특별시 강남구 역삼동 700-3번지 1층 역삼 1동,커피니 선릉역점,"카페,디저트>카페",,서울특별시 강남구 역삼동 172-66,서울특별시 강남구 테헤란로 340,316110,545133,,
QYCESM_Kwk,커피니,선릉역점,1168010100007080000,10340762,커피니,1168010100007000000,커피니,20160915,20180801,1,서울시 강남구 역삼동 708-1,서울특별시 강남구 역삼동 700-3번지 커피니,커피니 선릉역점,"카페,디저트>카페",,서울특별시 강남구 역삼동 172-66,서울특별시 강남구 테헤란로 340,316110,545133,,
QYCESM_Kwk,커피니,선릉역점,1168010100007080000,790500,커피니,1168010100008320000,커피니,20180501,20180901,0,서울시 강남구 역삼동 708-1,서울특별시 강남구 역삼동 832-10번지,커피니 선릉역점,"카페,디저트>카페",,서울특별시 강남구 역삼동 172-66,서울특별시 강남구 테헤란로 340,316110,545133,,
QYCESM_Kwk,커피니,선릉역점,1168010100007080000,10340762,커피니,1168010100007000000,커피니,20180801,20180901,1,서울시 강남구 역삼동 708-1,서울특별시 강남구 역삼동 700-3번지 커피니,커피니 선릉역점,"카페,디저트>카페",,서울특별시 강남구 역삼동 172-66,서울특별시 강남구 테헤란로 340,316110,545133,,
QYCESM_Kwk,커피니,선릉역점,1168010100007080000,13042516,커피니,1168010100008320000,커피니,20180801,99991231,0,서울시 강남구 역삼동 708-1,서울특별시 강남구 역삼동 832-10번지,커피니 선릉역점,"카페,디저트>카페",,서울특별시 강남구 역삼동 172-66,서울특별시 강남구 테헤란로 340,316110,545133,,
QYCESM_Kwk,커피니,선릉역점,1168010100007080000,790500,커피니,1168010100008320000,커피니,20180901,99991231,1,서울시 강남구 역삼동 708-1,서울특별시 강남구 역삼동 832-10번지,커피니 선릉역점,"카페,디저트>카페",,서울특별시 강남구 역삼동 172-66,서울특별시 강남구 테헤란로 340,316110,545133,,
QYCESM_Kwk,커피니,선릉역점,1168010100007080000,10340762,커피니,1168010100007000000,커피니,20180901,99991231,1,서울시 강남구 역삼동 708-1,서울특별시 강남구 역삼동 700-3번지 커피니,커피니 선릉역점,"카페,디저트>카페",,서울특별시 강남구 역삼동 172-66,서울특별시 강남구 테헤란로 340,316110,545133,,
rRs6UsxRiA,김가네김밥,르네상스점,1168010100007000000,5940048,김가네,1168010100006690000,김가네,20160101,20160915,0,서울시 강남구 역삼동 700-23,서울특별시 강남구 역삼동 669번지 하동 1층 역삼,김가네김밥 르네상스점,음식점>분식,,서울특별시 강남구 역삼동 700-23,서울특별시 강남구 언주로98길 18,315603,545180,,http://www.gimgane.co.kr/
rRs6UsxRiA,김가네김밥,르네상스점,1168010100007000000,3234619,김가네,1168010100006350000,김가네,20160101,20160915,0,서울시 강남구 역삼동 700-23,서울특별시 강남구 역삼동 635-13번지 1층 역삼 1동,김가네김밥 르네상스점,음식점>분식,,서울특별시 강남구 역삼동 700-23,서울특별시 강남구 언주로98길 18,315603,545180,,http://www.gimgane.co.kr/
rRs6UsxRiA,김가네김밥,르네상스점,1168010100007000000,8056129,김가네,1168010100006350000,김가네,20160915,20161001,1,서울시 강남구 역삼동 700-23,서울특별시 강남구 역삼동 635-13번지 1층,김가네김밥 르네상스점,음식점>분식,,서울특별시 강남구 역삼동 700-23,서울특별시 강남구 언주로98길 18,315603,545180,,http://www.gimgane.co.kr/
rRs6UsxRiA,김가네김밥,르네상스점,1168010100007000000,8056129,김가네,1168010100006350000,김가네,20161001,20161101,1,서울시 강남구 역삼동 700-23,서울특별시 강남구 역삼동 635-13번지 1층,김가네김밥 르네상스점,음식점>분식,,서울특별시 강남구 역삼동 700-23,서울특별시 강남구 언주로98길 18,315603,545180,,http://www.gimgane.co.kr/
rRs6UsxRiA,김가네김밥,르네상스점,1168010100007000000,8056129,김가네,1168010100006350000,김가네,20161101,20170701,1,서울시 강남구 역삼동 700-23,서울특별시 강남구 역삼동 635-13번지 1층,김가네김밥 르네상스점,음식점>분식,,서울특별시 강남구 역삼동 700-23,서울특별시 강남구 언주로98길 18,315603,545180,,http://www.gimgane.co.kr/
rRs6UsxRiA,김가네김밥,르네상스점,1168010100007000000,8056129,김가네,1168010100006350000,김가네,20170701,20180801,1,서울시 강남구 역삼동 700-23,서울특별시 강남구 역삼동 635-13번지 1층,김가네김밥 르네상스점,음식점>분식,,서울특별시 강남구 역삼동 700-23,서울특별시 강남구 언주로98길 18,315603,545180,,http://www.gimgane.co.kr/
rRs6UsxRiA,김가네김밥,르네상스점,1168010100007000000,8056129,김가네,1168010100006350000,김가네,20180801,20180901,1,서울시 강남구 역삼동 700-23,서울특별시 강남구 역삼동 635-13번지 1층,김가네김밥 르네상스점,음식점>분식,,서울특별시 강남구 역삼동 700-23,서울특별시 강남구 언주로98길 18,315603,545180,,http://www.gimgane.co.kr/
rRs6UsxRiA,김가네김밥,르네상스점,1168010100007000000,8056129,김가네,1168010100006350000,김가네,20180901,20191001,1,서울시 강남구 역삼동 700-23,서울특별시 강남구 역삼동 635-13번지 1층,김가네김밥 르네상스점,음식점>분식,,서울특별시 강남구 역삼동 700-23,서울특별시 강남구 언주로98길 18,315603,545180,,http://www.gimgane.co.kr/
rRs6UsxRiA,김가네김밥,르네상스점,1168010100007000000,8056129,김가네,1168010100006350000,김가네,20191001,99991231,1,서울시 강남구 역삼동 700-23,서울특별시 강남구 역삼동 635-13번지 1층,김가네김밥 르네상스점,음식점>분식,,서울특별시 강남구 역삼동 700-23,서울특별시 강남구 언주로98길 18,315603,545180,,http://www.gimgane.co.kr/
sZWBAdbFqI,쥬씨,강남점,1168010100008210000,9523457,쥬씨,1168010100008270000,쥬씨,20160915,20161001,1,서울시 강남구 역삼동 821-1,서울특별시 강남구 역삼동 827-1번지 1층,쥬씨 대치은마사거리점,"카페,디저트>과일,주스전문점",,서울특별시 강남구 대치동 941-18,서울특별시 강남구 삼성로 301 하늘도시,317118,544512,,
sZWBAdbFqI,쥬씨,강남점,1168010100008210000,9523457,쥬씨,1168010100008270000,쥬씨,20161001,20161101,1,서울시 강남구 역삼동 821-1,서울특별시 강남구 역삼동 827-1번지 1층,쥬씨 대치은마사거리점,"카페,디저트>과일,주스전문점",,서울특별시 강남구 대치동 941-18,서울특별시 강남구 삼성로 301 하늘도시,317118,544512,,
sZWBAdbFqI,쥬씨,강남점,1168010100008210000,9523457,쥬씨,1168010100008270000,쥬씨,20161101,20191001,1,서울시 강남구 역삼동 821-1,서울특별시 강남구 역삼동 827-1번지 1층,쥬씨 대치은마사거리점,"카페,디저트>과일,주스전문점",,서울특별시 강남구 대치동 941-18,서울특별시 강남구 삼성로 301 하늘도시,317118,544512,,
sZWBAdbFqI,쥬씨,강남점,1168010100008210000,9523457,쥬씨,1168010100008270000,쥬씨,20191001,99991231,1,서울시 강남구 역삼동 821-1,서울특별시 강남구 역삼동 827-1번지 1층,쥬씨 대치은마사거리점,"카페,디저트>과일,주스전문점",,서울특별시 강남구 대치동 941-18,서울특별시 강남구 삼성로 301 하늘도시,317118,544512,,
tFBQVwR5C94S,한성마라탕,선릉점,1168010100006990000,14454458,한성마라탕,1168010100007080000,한성마라탕,20190801,20191001,1,서울시 강남구 역삼동 699-20,서울특별시 강남구 역삼동 708-33번지 지하층 101 102호 일부 벤처빌딩,한성마라탕 선릉점,중식>중식당,,서울특별시 강남구 역삼동 699-20 1층,서울특별시 강남구 언주로98길 19 1층,315629,545186,,http://www.hansung-mala.com
tFBQVwR5C94S,한성마라탕,선릉점,1168010100006990000,14454458,한성마라탕,1168010100007080000,한성마라탕,20191001,99991231,1,서울시 강남구 역삼동 699-20,서울특별시 강남구 역삼동 708-33번지 지하층 101 102호 일부 벤처빌딩,한성마라탕 선릉점,중식>중식당,,서울특별시 강남구 역삼동 699-20 1층,서울특별시 강남구 언주로98길 19 1층,315629,545186,,http://www.hansung-mala.com
uTGGIzLjUeD7,스타벅스,역삼초교사거리점,1168010100008300000,4210335,스타벅스,1168010100008310000,스타벅스,20160101,20160415,0,서울시 강남구 역삼동 830-69,서울특별시 강남구 역삼동 831-25번지 하동 1층 역삼,스타벅스 역삼초교사거리점,"카페,디저트>카페",,서울특별시 강남구 역삼동 830-71,서울특별시 강남구 역삼로 123,314689,543994,,http://www.starbucks.co.kr/
uTGGIzLjUeD7,스타벅스,역삼초교사거리점,1168010100008300000,4210335,스타벅스,1168010100008310000,스타벅스,20160415,20160430,0,서울시 강남구 역삼동 830-69,서울특별시 강남구 역삼동 831-25번지 하동 1층 역삼,스타벅스 역삼초교사거리점,"카페,디저트>카페",,서울특별시 강남구 역삼동 830-71,서울특별시 강남구 역삼로 123,314689,543994,,http://www.starbucks.co.kr/
uTGGIzLjUeD7,스타벅스,역삼초교사거리점,1168010100008300000,4210335,스타벅스,1168010100008310000,스타벅스,20160430,20160501,0,서울시 강남구 역삼동 830-69,서울특별시 강남구 역삼동 831-25번지 하동 1층 역삼,스타벅스 역삼초교사거리점,"카페,디저트>카페",,서울특별시 강남구 역삼동 830-71,서울특별시 강남구 역삼로 123,314689,543994,,http://www.starbucks.co.kr/
uTGGIzLjUeD7,스타벅스,역삼초교사거리점,1168010100008300000,4210335,스타벅스,1168010100008310000,스타벅스,20160501,20160601,0,서울시 강남구 역삼동 830-69,서울특별시 강남구 역삼동 831-25번지 하동 1층 역삼,스타벅스 역삼초교사거리점,"카페,디저트>카페",,서울특별시 강남구 역삼동 830-71,서울특별시 강남구 역삼로 123,314689,543994,,http://www.starbucks.co.kr/
uTGGIzLjUeD7,스타벅스,역삼초교사거리점,1168010100008300000,4210335,스타벅스,1168010100008310000,스타벅스,20160601,20160701,0,서울시 강남구 역삼동 830-69,서울특별시 강남구 역삼동 831-25번지 하동 1층 역삼,스타벅스 역삼초교사거리점,"카페,디저트>카페",,서울특별시 강남구 역삼동 830-71,서울특별시 강남구 역삼로 123,314689,543994,,http://www.starbucks.co.kr/
uTGGIzLjUeD7,스타벅스,역삼초교사거리점,1168010100008300000,4210335,스타벅스,1168010100008310000,스타벅스,20160701,20160801,0,서울시 강남구 역삼동 830-69,서울특별시 강남구 역삼동 831-25번지 하동 1층 역삼,스타벅스 역삼초교사거리점,"카페,디저트>카페",,서울특별시 강남구 역삼동 830-71,서울특별시 강남구 역삼로 123,314689,543994,,http://www.starbucks.co.kr/
uTGGIzLjUeD7,스타벅스,역삼초교사거리점,1168010100008300000,4210335,스타벅스,1168010100008310000,스타벅스,20160801,20160901,0,서울시 강남구 역삼동 830-69,서울특별시 강남구 역삼동 831-25번지 하동 1층 역삼,스타벅스 역삼초교사거리점,"카페,디저트>카페",,서울특별시 강남구 역삼동 830-71,서울특별시 강남구 역삼로 123,314689,543994,,http://www.starbucks.co.kr/
uTGGIzLjUeD7,스타벅스,역삼초교사거리점,1168010100008300000,4210335,스타벅스,1168010100008310000,스타벅스,20160901,20160915,0,서울시 강남구 역삼동 830-69,서울특별시 강남구 역삼동 831-25번지 하동 1층 역삼,스타벅스 역삼초교사거리점,"카페,디저트>카페",,서울특별시 강남구 역삼동 830-71,서울특별시 강남구 역삼로 123,314689,543994,,http://www.starbucks.co.kr/
W_joecvGL1Se,피그인더가든,강남점,1168010100008260000,11838431,피그인더가든 강남점,1168010100008210000,피그인더가든 강남점,20180601,20191001,1,서울시 강남구 역삼동 826-14,서울특별시 강남구 역삼동 821-1번지 1층 강남 358호 타워,피그인더가든 강남점,"도시락,컵밥>다이어트,샐러드",,서울특별시 강남구 역삼동 826-14,서울특별시 강남구 강남대로 358 1층,314401,544090,,http://www.instagram.com/piginthegarden
W_joecvGL1Se,피그인더가든,강남점,1168010100008260000,11838431,피그인더가든 강남점,1168010100008210000,피그인더가든 강남점,20191001,99991231,1,서울시 강남구 역삼동 826-14,서울특별시 강남구 역삼동 821-1번지 1층 강남 358호 타워,피그인더가든 강남점,"도시락,컵밥>다이어트,샐러드",,서울특별시 강남구 역삼동 826-14,서울특별시 강남구 강남대로 358 1층,314401,544090,,http://www.instagram.com/piginthegarden
